feature,gain_importance,split_importance
numeric__APP_CREDIT_TO_ANNUITY,26786.756732463837,1223
numeric__APP_EMPLOYMENT_YEARS,22156.947556495667,659
numeric__APP_CREDIT_TO_GOODS,17491.28126144409,564
numeric__APP_AGE_YEARS,16985.95514035225,796
numeric__BUREAU_DAYS_SINCE_MOST_RECENT,15959.365124702454,672
numeric__PREV_REQUEST_TO_GRANTED_MEAN,15357.574249267578,612
numeric__APP_REGION_POPULATION_RELATIVE,13289.681034326553,816
numeric__BUREAU_DEBT_TO_CREDIT,12600.846182823181,427
numeric__PREV_REFUSED_SHARE,11532.122821569443,289
numeric__PREV_HISTORY_DAYS,11036.61829161644,639
numeric__BUREAU_HISTORY_DAYS,10124.453207731247,630
numeric__BUREAU_ACTIVE_DEBT_TO_CREDIT,10029.806314229965,599
numeric__PREV_APPROVED_CREDIT_SUM,9994.119782686234,609
numeric__INST_LATE_RATE,9244.04317188263,358
numeric__PREV_ANNUITY_MEAN,9031.596719741821,704
numeric__BUREAU_ACTIVE_SHARE,8728.859258174896,301
categorical__APP_EDUCATION_TYPE_Higher education,8508.971640586853,97
numeric__APP_ANNUITY,8046.445024728775,602
numeric__BUREAU_MAX_OVERDUE,7858.695118427277,395
numeric__INST_RECENT_LATE_RATE,7795.063558578491,236
numeric__BUREAU_ACTIVE_COUNT,7413.98631477356,262
numeric__APP_CREDIT,7064.152843475342,491
numeric__PREV_DAYS_SINCE_MOST_RECENT,6690.213682174683,604
numeric__PREV_APPROVED_SHARE,6203.366811275482,233
numeric__APP_ANNUITY_TO_INCOME,6131.591931343079,500
numeric__BUREAU_CREDIT_SUM,5951.590305328369,467
numeric__INST_SCHEDULE_COUNT,5725.589140892029,502
numeric__INST_DAYS_SINCE_LAST_SCHEDULED,5600.600061416626,536
numeric__BUREAU_ACTIVE_CREDIT_SUM,5318.342354774475,468
numeric__INST_DAYS_LATE_MEAN,5102.753170013428,273
numeric__APP_CREDIT_TO_INCOME,4925.667601585388,453
numeric__INST_RECENT_SCHEDULE_COUNT,4893.503659248352,379
numeric__INST_DAYS_LATE_STD,4662.328019618988,294
numeric__APP_CAR_AGE,4345.813012123108,254
numeric__INST_RECENT_LATE_COUNT,4188.167875289917,114
numeric__PREV_APPLICATION_AMOUNT_MEAN,3756.215699672699,353
numeric__PREV_CREDIT_AMOUNT_SUM,3499.3551907539368,333
numeric__PREV_CREDIT_AMOUNT_MEAN,3358.0827457904816,360
numeric__PREV_CONSUMER_LOAN_SHARE,3203.489986896515,274
numeric__APP_INCOME,3044.6420640945435,336
numeric__APP_INCOME_PER_FAMILY_MEMBER,3000.130384206772,338
numeric__BUREAU_ACTIVE_DEBT_SUM,2475.8273253440857,226
categorical__APP_EDUCATION_TYPE_Secondary / secondary special,2421.9595561027527,49
categorical__APP_INCOME_TYPE_Working,2360.8060026168823,37
numeric__BUREAU_DEBT_SUM,2273.1269931793213,220
numeric__BUREAU_OVERDUE_SUM,2106.887101650238,78
numeric__PREV_CASH_LOAN_SHARE,2010.9032485485077,207
numeric__BB_DELINQUENT_MONTH_SHARE,1984.4479513168335,145
numeric__BB_MONTH_COUNT,1957.9820024967194,211
categorical__APP_OCCUPATION_TYPE_Laborers,1950.474153995514,80
numeric__BUREAU_RECORD_COUNT,1940.743085384369,192
categorical__APP_OCCUPATION_TYPE_Drivers,1912.9903106689453,90
numeric__INST_PAYMENT_RATIO_MEAN,1833.6068358421326,138
numeric__BUREAU_ANNUITY_SUM,1693.3126692771912,182
categorical__APP_FAMILY_STATUS_Married,1651.6262907981873,86
categorical__APP_CONTRACT_TYPE_Cash loans,1649.679708480835,65
numeric__PREV_CANCELED_SHARE,1592.7322916984558,167
numeric__INST_DAYS_LATE_MAX,1528.3226628303528,152
numeric__INST_LATE_COUNT,1496.7189688682556,156
numeric__BUREAU_CLOSED_COUNT,1429.5509190559387,131
numeric__BB_CLEAN_MONTHS,1414.1959564685822,162
numeric__INST_PAYMENT_RATIO_MIN,1373.1745963096619,49
numeric__INST_CONTRACT_COUNT,1132.7657413482666,80
numeric__PREV_REFUSED_COUNT,1031.8746032714844,89
categorical__APP_OCCUPATION_TYPE_Low-skill Laborers,1022.6800446510315,50
numeric__PREV_APPROVED_COUNT,945.6434688568115,93
numeric__PREV_CONSUMER_LOAN_COUNT,910.4155282974243,93
numeric__missingindicator_BUREAU_MAX_OVERDUE,889.5978753566742,73
categorical__APP_OCCUPATION_TYPE_Accountants,868.0889372825623,45
numeric__PREV_APPLICATION_COUNT,858.2271723747253,94
categorical__APP_OCCUPATION_TYPE_Core staff,843.9385852813721,46
numeric__missingindicator_APP_CAR_AGE,814.7566728591919,50
numeric__PREV_CASH_LOAN_COUNT,726.1882228851318,82
numeric__BUREAU_NO_HISTORY,588.6038618087769,33
numeric__BUREAU_CREDIT_TYPE_COUNT,586.9407804012299,57
numeric__INST_RECENT_UNDERPAID_RATE,519.1788597106934,19
numeric__BB_NO_HISTORY,502.5503296852112,44
numeric__APP_CHILDREN,486.64737844467163,55
numeric__PREV_UNUSED_OFFER_SHARE,472.4550127983093,52
categorical__APP_OCCUPATION_TYPE_Security staff,466.3915014266968,40
numeric__APP_FAMILY_MEMBERS,441.6498603820801,49
categorical__APP_INCOME_TYPE_State servant,424.19738245010376,31
numeric__INST_30_PLUS_LATE_RATE,418.38601207733154,36
numeric__missingindicator_INST_DAYS_LATE_STD,412.9293189048767,34
numeric__BB_DELINQUENT_MONTHS,409.4210796356201,46
numeric__PREV_CANCELED_COUNT,395.37290048599243,51
categorical__APP_OWNS_CAR_N,366.7762978076935,32
numeric__missingindicator_BUREAU_ACTIVE_DEBT_TO_CREDIT,356.0939588546753,26
categorical__APP_HOUSING_TYPE_House / apartment,351.68649101257324,35
categorical__APP_EDUCATION_TYPE_Lower secondary,351.33935022354126,32
categorical__APP_FAMILY_STATUS_Single / not married,346.6248605251312,34
categorical__APP_EDUCATION_TYPE_Incomplete higher,339.44850063323975,32
categorical__APP_OCCUPATION_TYPE_High skill tech staff,331.8789186477661,33
categorical__APP_HOUSING_TYPE_With parents,327.77779960632324,30
numeric__missingindicator_BUREAU_DEBT_TO_CREDIT,284.59275817871094,21
numeric__BB_31_PLUS_MONTH_SHARE,278.52263164520264,22
categorical__APP_CONTRACT_TYPE_Revolving loans,262.55215978622437,11
categorical__APP_OWNS_REALTY_N,237.24254894256592,26
categorical__APP_OCCUPATION_TYPE___MISSING__,230.20560026168823,27
categorical__APP_OCCUPATION_TYPE_Medicine staff,217.13535070419312,27
numeric__BB_RECENT_DELINQUENT,205.30009031295776,13
numeric__BB_CREDITS_EVER_DELINQUENT,199.4964690208435,23
categorical__APP_INCOME_TYPE_Commercial associate,197.46364068984985,23
categorical__APP_HOUSING_TYPE_Rented apartment,195.14049196243286,20
numeric__BUREAU_PROLONG_COUNT,168.52226758003235,20
numeric__missingindicator_INST_RECENT_LATE_RATE,162.80764198303223,11
numeric__missingindicator_BB_MONTH_COUNT,156.23488903045654,13
categorical__APP_HOUSING_TYPE_Office apartment,147.1082901954651,21
categorical__APP_OCCUPATION_TYPE_Private service staff,142.6249406337738,19
numeric__PREV_UNUSED_OFFER_COUNT,137.42529821395874,17
numeric__BB_31_PLUS_MONTHS,134.1487910747528,16
categorical__APP_OCCUPATION_TYPE_Sales staff,132.41450214385986,14
categorical__APP_FAMILY_STATUS_Civil marriage,122.78904151916504,16
categorical__APP_FAMILY_STATUS_Widow,120.76904916763306,15
numeric__INST_30_PLUS_LATE_COUNT,113.95108890533447,13
numeric__PREV_NO_HISTORY,112.1928300857544,10
numeric__missingindicator_BUREAU_RECORD_COUNT,105.10185861587524,5
categorical__APP_OCCUPATION_TYPE_Cooking staff,101.19645929336548,11
numeric__BUREAU_OVERDUE_ACCOUNT_COUNT,98.86282062530518,6
numeric__INST_NO_HISTORY,96.2348484992981,7
numeric__APP_EMPLOYMENT_MISSING,95.40939998626709,11
numeric__missingindicator_PREV_REQUEST_TO_GRANTED_MEAN,90.89168071746826,8
categorical__APP_INCOME_TYPE_Pensioner,88.69729089736938,9
categorical__APP_OWNS_CAR_Y,79.89205026626587,8
categorical__APP_OCCUPATION_TYPE_Managers,76.49410009384155,9
categorical__APP_FAMILY_STATUS_Separated,71.59818029403687,8
numeric__BB_91_PLUS_MONTHS,59.95180034637451,5
categorical__APP_HOUSING_TYPE_Municipal apartment,59.48022127151489,7
categorical__APP_OCCUPATION_TYPE_Waiters/barmen staff,54.07747983932495,8
numeric__missingindicator_INST_RECENT_UNDERPAID_RATE,47.35448932647705,4
numeric__BB_61_PLUS_MONTHS,33.98769950866699,3
numeric__missingindicator_PREV_APPLICATION_COUNT,30.81813955307007,3
categorical__APP_OWNS_REALTY_Y,30.759809970855713,4
numeric__BB_WORST_SEVERITY,29.308300018310547,2
numeric__missingindicator_PREV_ANNUITY_MEAN,17.927279472351074,2
numeric__missingindicator_INST_CONTRACT_COUNT,16.691499710083008,1
numeric__INST_UNDERPAID_RATE,15.54299020767212,2
numeric__missingindicator_PREV_APPROVED_COUNT,14.930899620056152,1
categorical__APP_EDUCATION_TYPE___RARE__,13.21580982208252,3
numeric__missingindicator_APP_EMPLOYMENT_YEARS,11.068400382995605,1
numeric__missingindicator_BUREAU_CLOSED_COUNT,10.118000030517578,1
numeric__INST_UNDERPAID_COUNT,9.516799926757812,1
numeric__missingindicator_BUREAU_ACTIVE_COUNT,9.454899787902832,1
numeric__INST_SEVERELY_UNDERPAID_RATE,0.0,0
categorical__APP_INCOME_TYPE___RARE__,0.0,0
numeric__missingindicator_INST_30_PLUS_LATE_RATE,0.0,0
numeric__missingindicator_INST_UNDERPAID_RATE,0.0,0
categorical__APP_OCCUPATION_TYPE_Secretaries,0.0,0
numeric__missingindicator_INST_SEVERELY_UNDERPAID_RATE,0.0,0
categorical__APP_OCCUPATION_TYPE_Realty agents,0.0,0
categorical__APP_OCCUPATION_TYPE_IT staff,0.0,0
categorical__APP_OCCUPATION_TYPE_HR staff,0.0,0
numeric__missingindicator_APP_FAMILY_MEMBERS,0.0,0
numeric__missingindicator_APP_ANNUITY,0.0,0
categorical__APP_OCCUPATION_TYPE_Cleaning staff,0.0,0
categorical__APP_HOUSING_TYPE_Co-op apartment,0.0,0
categorical__APP_FAMILY_STATUS___RARE__,0.0,0
numeric__missingindicator_INST_RECENT_UNDERPAID_COUNT,0.0,0
numeric__INST_SEVERELY_UNDERPAID_COUNT,0.0,0
numeric__INST_RECENT_UNDERPAID_COUNT,0.0,0
numeric__missingindicator_INST_LATE_RATE,0.0,0
numeric__missingindicator_INST_PAYMENT_RATIO_MEAN,0.0,0
numeric__missingindicator_INST_RECENT_LATE_COUNT,0.0,0
numeric__missingindicator_APP_CREDIT_TO_ANNUITY,0.0,0
numeric__missingindicator_BB_31_PLUS_MONTH_SHARE,0.0,0
numeric__missingindicator_BB_DELINQUENT_MONTH_SHARE,0.0,0
numeric__missingindicator_BB_CREDITS_EVER_DELINQUENT,0.0,0
numeric__missingindicator_BB_RECENT_DELINQUENT,0.0,0
numeric__missingindicator_BB_WORST_SEVERITY,0.0,0
numeric__missingindicator_BB_CLEAN_MONTHS,0.0,0
numeric__missingindicator_BB_91_PLUS_MONTHS,0.0,0
numeric__missingindicator_BB_61_PLUS_MONTHS,0.0,0
numeric__missingindicator_BB_31_PLUS_MONTHS,0.0,0
numeric__missingindicator_BB_DELINQUENT_MONTHS,0.0,0
numeric__missingindicator_APP_INCOME_PER_FAMILY_MEMBER,0.0,0
numeric__missingindicator_BUREAU_ACTIVE_SHARE,0.0,0
numeric__missingindicator_INST_RECENT_SCHEDULE_COUNT,0.0,0
numeric__missingindicator_BUREAU_ACTIVE_DEBT_SUM,0.0,0
numeric__missingindicator_BUREAU_ACTIVE_CREDIT_SUM,0.0,0
numeric__missingindicator_BUREAU_ANNUITY_SUM,0.0,0
numeric__missingindicator_BUREAU_PROLONG_COUNT,0.0,0
numeric__missingindicator_APP_CREDIT_TO_GOODS,0.0,0
numeric__missingindicator_BUREAU_OVERDUE_SUM,0.0,0
numeric__missingindicator_BUREAU_DEBT_SUM,0.0,0
numeric__missingindicator_BUREAU_CREDIT_SUM,0.0,0
numeric__missingindicator_BUREAU_HISTORY_DAYS,0.0,0
numeric__missingindicator_BUREAU_DAYS_SINCE_MOST_RECENT,0.0,0
numeric__missingindicator_BUREAU_CREDIT_TYPE_COUNT,0.0,0
numeric__missingindicator_PREV_REFUSED_COUNT,0.0,0
numeric__missingindicator_PREV_CANCELED_COUNT,0.0,0
numeric__missingindicator_PREV_UNUSED_OFFER_COUNT,0.0,0
numeric__missingindicator_PREV_DAYS_SINCE_MOST_RECENT,0.0,0
numeric__missingindicator_INST_DAYS_SINCE_LAST_SCHEDULED,0.0,0
numeric__missingindicator_INST_PAYMENT_RATIO_MIN,0.0,0
numeric__missingindicator_INST_SEVERELY_UNDERPAID_COUNT,0.0,0
numeric__missingindicator_INST_UNDERPAID_COUNT,0.0,0
numeric__missingindicator_INST_30_PLUS_LATE_COUNT,0.0,0
numeric__missingindicator_INST_LATE_COUNT,0.0,0
numeric__missingindicator_APP_ANNUITY_TO_INCOME,0.0,0
numeric__missingindicator_INST_DAYS_LATE_MAX,0.0,0
numeric__missingindicator_INST_DAYS_LATE_MEAN,0.0,0
numeric__missingindicator_INST_SCHEDULE_COUNT,0.0,0
numeric__missingindicator_PREV_CONSUMER_LOAN_SHARE,0.0,0
numeric__missingindicator_PREV_CASH_LOAN_SHARE,0.0,0
numeric__missingindicator_PREV_UNUSED_OFFER_SHARE,0.0,0
numeric__missingindicator_PREV_CANCELED_SHARE,0.0,0
numeric__missingindicator_PREV_REFUSED_SHARE,0.0,0
numeric__missingindicator_PREV_APPROVED_SHARE,0.0,0
numeric__missingindicator_PREV_CONSUMER_LOAN_COUNT,0.0,0
numeric__missingindicator_PREV_CASH_LOAN_COUNT,0.0,0
numeric__missingindicator_PREV_APPROVED_CREDIT_SUM,0.0,0
numeric__missingindicator_PREV_CREDIT_AMOUNT_SUM,0.0,0
numeric__missingindicator_PREV_CREDIT_AMOUNT_MEAN,0.0,0
numeric__missingindicator_PREV_APPLICATION_AMOUNT_MEAN,0.0,0
numeric__missingindicator_PREV_HISTORY_DAYS,0.0,0
numeric__missingindicator_BUREAU_OVERDUE_ACCOUNT_COUNT,0.0,0
