model,candidate,metric,mean,std,min,max,folds,selected
Application-only Logistic,C=0.01,average_precision,0.14316217709115775,0.0023969842308171722,0.1410495423820466,0.14648952417095812,5,False
Application-only Logistic,C=0.01,brier,0.07236000821956738,9.629950498252304e-05,0.07220861756388802,0.0724385307216092,5,False
Application-only Logistic,C=0.01,capture_at_10pct,0.21797583081570995,0.0028057667101218584,0.21399798590130917,0.2215508559919436,5,False
Application-only Logistic,C=0.01,capture_at_20pct,0.37296072507552874,0.004961059725178544,0.3680765357502518,0.38041289023162134,5,False
Application-only Logistic,C=0.01,capture_at_5pct,0.12296072507552869,0.003167606442608583,0.11807653575025176,0.1268882175226586,5,False
Application-only Logistic,C=0.01,gini,0.310901480148175,0.00841041559731734,0.30007060255304707,0.3228725331131761,5,False
Application-only Logistic,C=0.01,ks,0.23172341527729595,0.008243973777523648,0.22206590284100125,0.24438026165470922,5,False
Application-only Logistic,C=0.01,roc_auc,0.6554507400740874,0.004205207798658666,0.6500353012765235,0.661436266556588,5,False
Application-only Logistic,C=0.1,average_precision,0.1447127009450459,0.0025396967860277235,0.14253205934898605,0.14854433222798166,5,False
Application-only Logistic,C=0.1,brier,0.07229797858578876,0.00010891305409696965,0.07212530360730103,0.07239723262972156,5,False
Application-only Logistic,C=0.1,capture_at_10pct,0.22124874118831822,0.002911095572922925,0.21777442094662638,0.22507552870090636,5,False
Application-only Logistic,C=0.1,capture_at_20pct,0.3767371601208459,0.0067522076606836975,0.37009063444108764,0.38746223564954685,5,False
Application-only Logistic,C=0.1,capture_at_5pct,0.12381671701913392,0.002025083338589137,0.12059415911379658,0.12588116817724068,5,False
Application-only Logistic,C=0.1,gini,0.3148104061260893,0.009740300310766066,0.30159055016777847,0.328676915726023,5,False
Application-only Logistic,C=0.1,ks,0.23488822594917408,0.00807219619136799,0.2258964086211262,0.24740282352322995,5,False
Application-only Logistic,C=0.1,roc_auc,0.6574052030630446,0.004870150155383037,0.6507952750838892,0.6643384578630115,5,False
Application-only Logistic,C=1,average_precision,0.14488568992788958,0.0027492124994914174,0.1426977139854791,0.14906224059155543,5,True
Application-only Logistic,C=1,brier,0.07229091903101585,0.00011544028870087774,0.07210723661705318,0.07239458113487138,5,True
Application-only Logistic,C=1,capture_at_10pct,0.2218026183282981,0.003031619984590202,0.2187814702920443,0.22608257804632426,5,True
Application-only Logistic,C=1,capture_at_20pct,0.37799597180261835,0.006518165299121287,0.37109768378650554,0.38846928499496475,5,True
Application-only Logistic,C=1,capture_at_5pct,0.1244209466263847,0.0027773847674766637,0.12009063444108761,0.12764350453172205,5,True
Application-only Logistic,C=1,gini,0.31529409339588577,0.010140767080102558,0.3016831617475324,0.3299170581423492,5,True
Application-only Logistic,C=1,ks,0.23492541989905052,0.007407415668339187,0.22643343109927794,0.24615599045184522,5,True
Application-only Logistic,C=1,roc_auc,0.6576470466979429,0.005070383540051274,0.6508415808737662,0.6649585290711746,5,True
Application-only Logistic,C=10,average_precision,0.14493454530084754,0.0028802125249544424,0.1425237663611943,0.14928056344110996,5,False
Application-only Logistic,C=10,brier,0.0722906129277447,0.00011767521829418882,0.07210410426881127,0.07239553794030007,5,False
Application-only Logistic,C=10,capture_at_10pct,0.22205438066465258,0.003031619984590205,0.2187814702920443,0.22608257804632426,5,False
Application-only Logistic,C=10,capture_at_20pct,0.3777945619335347,0.006794318711913323,0.37009063444108764,0.38846928499496475,5,False
Application-only Logistic,C=10,capture_at_5pct,0.1246223564954683,0.003000094483336609,0.11983887210473314,0.12789526686807653,5,False
Application-only Logistic,C=10,gini,0.3152935522666905,0.010125734013218816,0.301677016586813,0.32985634128263297,5,False
Application-only Logistic,C=10,ks,0.23528201637306873,0.007497203157199977,0.22649119783654725,0.24654040810546696,5,False
Application-only Logistic,C=10,roc_auc,0.6576467761333452,0.005062867006609405,0.6508385082934065,0.6649281706413165,5,False
Logistic,C=0.01,average_precision,0.19838467465500412,0.0025694244291613218,0.19538811510749807,0.2009764278800622,5,False
Logistic,C=0.01,brier,0.06995265079315018,0.00014453332770106327,0.06981034002629256,0.07011960431918561,5,False
Logistic,C=0.01,capture_at_10pct,0.2889728096676737,0.003877466930146707,0.2847432024169184,0.2943101711983887,5,False
Logistic,C=0.01,capture_at_20pct,0.463091641490433,0.005228540654817141,0.45896273917421954,0.47079556898288016,5,False
Logistic,C=0.01,capture_at_5pct,0.1716012084592145,0.0012021486793870443,0.1701913393756294,0.1732124874118832,5,False
Logistic,C=0.01,gini,0.44226847833872435,0.008798193674962203,0.43146636105839553,0.4531377279693205,5,False
Logistic,C=0.01,ks,0.3273729579503938,0.007359427680297307,0.31751998680126353,0.3355786659613091,5,False
Logistic,C=0.01,roc_auc,0.7211342391693621,0.004399096837481102,0.7157331805291978,0.7265688639846603,5,False
Logistic,C=0.1,average_precision,0.20001135987963545,0.0027877897492714064,0.1971883642283774,0.20327151351381517,5,False
Logistic,C=0.1,brier,0.06988703567206829,0.00015638031035761042,0.0697073947574912,0.07005073199048983,5,False
Logistic,C=0.1,capture_at_10pct,0.29063444108761327,0.0051089768091023375,0.2837361530715005,0.29682779456193353,5,False
Logistic,C=0.1,capture_at_20pct,0.4642497482376637,0.004806617092657798,0.459718026183283,0.4702920443101712,5,False
Logistic,C=0.1,capture_at_5pct,0.17396777442094663,0.0025050036180932055,0.17069486404833836,0.1769889224572004,5,False
Logistic,C=0.1,gini,0.44476383375167716,0.008724022492015678,0.43492044078609293,0.45572336000466684,5,False
Logistic,C=0.1,ks,0.32845964637736225,0.007579773758714943,0.31829812890988635,0.337549214165308,5,False
Logistic,C=0.1,roc_auc,0.7223819168758385,0.0043620112460078355,0.7174602203930465,0.7278616800023334,5,False
Logistic,C=1,average_precision,0.20021226087455105,0.002961465982988937,0.19717661951907897,0.20395418628218923,5,True
Logistic,C=1,brier,0.0698818694008937,0.00016045337509325826,0.06968971047723824,0.07005278958430693,5,True
Logistic,C=1,capture_at_10pct,0.290281973816717,0.005256951917880435,0.28298086606243705,0.297079556898288,5,True
Logistic,C=1,capture_at_20pct,0.46435045317220547,0.0047953951463480865,0.4594662638469285,0.4695367573011078,5,True
Logistic,C=1,capture_at_5pct,0.1744209466263847,0.0021094018193004516,0.1714501510574018,0.17623363544813697,5,True
Logistic,C=1,gini,0.4449543735209652,0.008701058991864201,0.4352844494138224,0.4561182088459592,5,True
Logistic,C=1,ks,0.3286956787943402,0.007310623048020483,0.3190847206144983,0.3373865566593837,5,True
Logistic,C=1,roc_auc,0.7224771867604826,0.00435052949593209,0.7176422247069112,0.7280591044229796,5,True
Logistic,C=10,average_precision,0.20021204811363855,0.0029937607718196453,0.19712265497172882,0.20400901911685765,5,False
Logistic,C=10,brier,0.06988245711675836,0.00016191010107834312,0.06968831665032124,0.07005567992656332,5,False
Logistic,C=10,capture_at_10pct,0.2903323262839879,0.005476626558380163,0.28298086606243705,0.297583081570997,5,False
Logistic,C=10,capture_at_20pct,0.4644008056394764,0.004768886401833458,0.459718026183283,0.4695367573011078,5,False
Logistic,C=10,capture_at_5pct,0.1744712990936556,0.00212138715336767,0.1717019133937563,0.17623363544813697,5,False
Logistic,C=10,gini,0.44491738410707987,0.008685020325459916,0.4351975691700445,0.4560282022799884,5,False
Logistic,C=10,ks,0.3288947860245123,0.0073745563614381685,0.31934147032766846,0.33765045346165135,5,False
Logistic,C=10,roc_auc,0.72245869205354,0.004342510162729959,0.7175987845850222,0.7280141011399942,5,False
LightGBM,candidate_1,average_precision,0.2305253196149788,0.003571360395743676,0.22688092185879633,0.2353279264892972,5,False
LightGBM,candidate_1,brier,0.06844140709843449,0.0001501369482424931,0.06825836572263475,0.06861393343154203,5,False
LightGBM,candidate_1,capture_at_10pct,0.3192346424974824,0.0029682341698266845,0.31445115810674723,0.32250755287009064,5,False
LightGBM,candidate_1,capture_at_20pct,0.5046324269889225,0.004315356266075667,0.49924471299093653,0.5088116817724069,5,False
LightGBM,candidate_1,capture_at_5pct,0.19718026183282983,0.005711732296880829,0.1903323262839879,0.20342396777442096,5,False
LightGBM,candidate_1,gini,0.4992247639269175,0.0055305498768543765,0.4930020546442888,0.5068217963507096,5,False
LightGBM,candidate_1,ks,0.3719589439534608,0.004699048931065626,0.36564732699981006,0.3779565069570567,5,False
LightGBM,candidate_1,roc_auc,0.7496123819634588,0.002765274938427193,0.7465010273221444,0.7534108981753548,5,False
LightGBM,candidate_2,average_precision,0.2323381772206896,0.0030424261412797804,0.22890637035818515,0.23535867623663936,5,True
LightGBM,candidate_2,brier,0.06836406199287899,0.00015937850688831992,0.06819650709241705,0.06853630350758502,5,True
LightGBM,candidate_2,capture_at_10pct,0.3210473313192347,0.0034400354586900644,0.3157099697885196,0.32502517623363547,5,True
LightGBM,candidate_2,capture_at_20pct,0.5068479355488419,0.005783414336991397,0.500503524672709,0.5151057401812689,5,True
LightGBM,candidate_2,capture_at_5pct,0.19788519637462235,0.005138049252758938,0.18957703927492447,0.20216515609264854,5,True
LightGBM,candidate_2,gini,0.502126913185361,0.0062396211498321336,0.49411741484205374,0.5109597605524767,5,True
LightGBM,candidate_2,ks,0.3737039711647797,0.006728915179488785,0.36611208817682217,0.3810812098574612,5,True
LightGBM,candidate_2,roc_auc,0.7510634565926806,0.0031198105749160668,0.7470587074210269,0.7554798802762384,5,True
LightGBM,candidate_3,average_precision,0.2319305055343243,0.002378468775603747,0.22954068320120974,0.235636967374379,5,False
LightGBM,candidate_3,brier,0.06837316916521496,0.00012260319054543516,0.0682005200571394,0.06850933474107937,5,False
LightGBM,candidate_3,capture_at_10pct,0.3220543806646526,0.0031364373620135673,0.31772406847935547,0.32603222557905337,5,False
LightGBM,candidate_3,capture_at_20pct,0.5075025176233635,0.0068611588164647075,0.4972306143001007,0.5143504531722054,5,False
LightGBM,candidate_3,capture_at_5pct,0.19889224572004027,0.0033018320867583034,0.1946122860020141,0.20166163141993956,5,False
LightGBM,candidate_3,gini,0.5017360995051237,0.004818586736338264,0.4976615142585241,0.5075183035615882,5,False
LightGBM,candidate_3,ks,0.37222613334711624,0.0039212075528621,0.36771619537474254,0.3774827061595662,5,False
LightGBM,candidate_3,roc_auc,0.7508680497525618,0.0024092933681691417,0.7488307571292621,0.7537591517807941,5,False
LightGBM,candidate_4,average_precision,0.23066951080385892,0.0031219976624007008,0.22717838449379518,0.2337437818023357,5,False
LightGBM,candidate_4,brier,0.06844089491398297,0.00013652136616603222,0.06831804275974242,0.06860840667193578,5,False
LightGBM,candidate_4,capture_at_10pct,0.3207955689828802,0.0040805696638522935,0.31369587109768376,0.32351460221550854,5,False
LightGBM,candidate_4,capture_at_20pct,0.5059919436052367,0.004554045943442081,0.501007049345418,0.5125881168177241,5,False
LightGBM,candidate_4,capture_at_5pct,0.19667673716012085,0.004554045943442096,0.19259818731117825,0.20166163141993956,5,False
LightGBM,candidate_4,gini,0.4993611263003217,0.00597163964567287,0.49215752167491744,0.5084489169042907,5,False
LightGBM,candidate_4,ks,0.3701275954073754,0.005353509897802219,0.36543593124455753,0.3785051518043951,5,False
LightGBM,candidate_4,roc_auc,0.7496805631501609,0.00298581982283645,0.7460787608374587,0.7542244584521454,5,False
