feature,coefficient,odds_ratio,coefficient_mean,coefficient_std,coefficient_min,coefficient_max,folds,sign_stability,abs_coefficient_mean,source_family
categorical__APP_OWNS_CAR_Y,-0.9862026808593961,0.37299036869698715,-0.9543910752535817,0.04217563526847613,-0.9871156169765866,-0.8970641002959675,5,1.0,0.9543910752535817,APP
categorical__APP_INCOME_TYPE_Pensioner,-1.0122523666604792,0.36339954806135494,-0.92947460244336,0.10417408822370412,-1.0994829374369284,-0.8256689371342288,5,1.0,0.92947460244336,APP
categorical__APP_OCCUPATION_TYPE_Low-skill Laborers,0.9002201278199163,2.4601445978236214,0.8940674914954132,0.04156577274919945,0.8272658896699633,0.9387860845171397,5,1.0,0.8940674914954132,APP
categorical__APP_EDUCATION_TYPE___RARE__,-0.9235699711393629,0.3970988760916717,-0.8611430183892532,0.17471647165148266,-1.0569921340365684,-0.7144416271732154,5,1.0,0.8611430183892532,APP
categorical__APP_OCCUPATION_TYPE_Drivers,0.7020999547151946,2.017985940206642,0.6966917573146688,0.0319499181341432,0.6426079928318423,0.7219456251810866,5,1.0,0.6966917573146688,APP
categorical__APP_EDUCATION_TYPE_Lower secondary,0.5690270517007726,1.7665474556879925,0.5684724571995352,0.022807922353518004,0.5344384978896867,0.5848015687488952,5,1.0,0.5684724571995352,APP
numeric__BUREAU_RECORD_COUNT,0.5527075250457693,1.737952202533326,0.5659639331366175,0.07640991353417824,0.4887267594939893,0.6560793598976296,5,1.0,0.5659639331366175,BUREAU
categorical__APP_OCCUPATION_TYPE_Security staff,0.5621984694851283,1.754525534203295,0.5567149403975037,0.02282050772224021,0.5245277702144824,0.580008105027135,5,1.0,0.5567149403975037,APP
categorical__APP_OCCUPATION_TYPE_Laborers,0.5238414853460922,1.6885015610233733,0.5187284199318563,0.02398734680016519,0.48407846965507617,0.5426512565070568,5,1.0,0.5187284199318563,APP
categorical__APP_OCCUPATION_TYPE_Waiters/barmen staff,0.45434880386911036,1.5751473191460241,0.44764356583689036,0.030222510412650196,0.4186289997264398,0.4843095471906769,5,1.0,0.44764356583689036,APP
numeric__BUREAU_CLOSED_COUNT,-0.4326605985033838,0.6487806515657035,-0.4437562098826321,0.06002771385493462,-0.5042296903866101,-0.3808934624734558,5,1.0,0.4437562098826321,BUREAU
categorical__APP_INCOME_TYPE___RARE__,-0.48578393752922666,0.6152147177665079,-0.4177216500364819,0.08304681292031868,-0.5427659359457633,-0.35337897271212615,5,1.0,0.4177216500364819,APP
categorical__APP_OCCUPATION_TYPE_Cooking staff,0.4176406946951724,1.518375016181132,0.4121207532547964,0.042277580139525796,0.3463650851262021,0.44730842784885416,5,1.0,0.4121207532547964,APP
categorical__APP_EDUCATION_TYPE_Secondary / secondary special,0.3872785425948844,1.4729667181094999,0.38725205509366323,0.01495256443700845,0.37571881315948846,0.41267302331893513,5,1.0,0.38725205509366323,APP
numeric__missingindicator_APP_CAR_AGE,-0.3754052578666098,0.687010805834595,-0.36030784769312685,0.02451055194579754,-0.3817388454109499,-0.3272987179949822,5,1.0,0.36030784769312685,Encoded
categorical__APP_HOUSING_TYPE_Office apartment,-0.35253450981230455,0.702904312296274,-0.35877962699003574,0.037048049805386965,-0.4008944351371389,-0.31959142963866516,5,1.0,0.35877962699003574,APP
categorical__APP_OCCUPATION_TYPE_Managers,0.3467673732983184,1.414487639500686,0.34151482338168215,0.02848048821073951,0.3149065595119819,0.38334393991234345,5,1.0,0.34151482338168215,APP
numeric__PREV_ANNUITY_MEAN,-0.3362998038604359,0.7144088911629715,-0.33622681264142873,0.0023773161397193914,-0.33909043214461465,-0.33259675593947935,5,1.0,0.33622681264142873,PREV
categorical__APP_OCCUPATION_TYPE_HR staff,0.342525277128654,1.408499956046862,0.3317426308550986,0.09632770549686302,0.23160382788310424,0.49083342092159365,5,1.0,0.3317426308550986,APP
categorical__APP_OCCUPATION_TYPE_Sales staff,0.3324444369586498,1.3943724214599789,0.327141635373207,0.034602679742740804,0.2937549793218384,0.3795858516121915,5,1.0,0.327141635373207,APP
categorical__APP_OCCUPATION_TYPE_Cleaning staff,0.3152259258830353,1.3705689229751792,0.30974402856065797,0.04697695439405333,0.2671347792284535,0.3891630000896211,5,1.0,0.30974402856065797,APP
categorical__APP_OCCUPATION_TYPE___MISSING__,0.3144882488294301,1.3695582585481254,0.3093327416211056,0.029095080618929816,0.2679356871568232,0.3465720130329294,5,1.0,0.3093327416211056,APP
numeric__PREV_APPROVED_COUNT,-0.29277464356039007,0.7461902805357052,-0.2926059231816127,0.02625642006037749,-0.3246632509058374,-0.25593002789977193,5,1.0,0.2926059231816127,PREV
categorical__APP_OCCUPATION_TYPE_Realty agents,0.26221886088586965,1.299810989085657,0.25503286207121195,0.05057092828685565,0.2086289245781462,0.31949562582138025,5,1.0,0.25503286207121195,APP
categorical__APP_FAMILY_STATUS_Widow,-0.21663320693087612,0.8052252661919876,-0.22400835711229466,0.14832808841092487,-0.4431605237093954,-0.0467775921624274,5,1.0,0.22400835711229466,APP
numeric__INST_UNDERPAID_COUNT,0.21787875042171415,1.243436292352455,0.2143104405331932,0.036222602076255495,0.15800167539683718,0.25880100654434485,5,1.0,0.2143104405331932,INST
categorical__APP_OCCUPATION_TYPE_IT staff,0.22707092687292157,1.2549188722552225,0.2139357683647638,0.16061503364170834,0.0034258898082985406,0.40744415431295755,5,1.0,0.2139357683647638,APP
numeric__INST_UNDERPAID_RATE,-0.21062733633615446,0.810075896488898,-0.20849309571344898,0.01950793475356569,-0.22736746231085694,-0.17608538579713903,5,1.0,0.20849309571344898,INST
numeric__PREV_APPROVED_SHARE,-0.19133643523904936,0.8258546947855944,-0.19576844751488498,0.13536586652334884,-0.29247278787016806,0.03981799685277068,5,0.8,0.19576844751488498,PREV
numeric__PREV_CREDIT_AMOUNT_MEAN,0.18988182658205954,1.2091067049423798,0.18940764867415702,0.014307077596901233,0.1757352871468855,0.21082156107908173,5,1.0,0.18940764867415702,PREV
numeric__PREV_APPROVED_CREDIT_SUM,0.1860244699520733,1.2044517328932112,0.18607726224379761,0.00813007843722076,0.17189472111148643,0.19262453233412039,5,1.0,0.18607726224379761,PREV
numeric__APP_EMPLOYMENT_YEARS,-0.1838609882217836,0.832051460740774,-0.1838926907591877,0.007248059602311602,-0.19425790982422775,-0.17421529887435908,5,1.0,0.1838926907591877,APP
numeric__missingindicator_INST_PAYMENT_RATIO_MEAN,-0.20803736259829417,0.8121766911135934,-0.17983083556505133,0.03965059963155401,-0.2034063497167105,-0.11046247929334356,5,1.0,0.17983083556505133,Encoded
numeric__missingindicator_INST_PAYMENT_RATIO_MIN,-0.20803736259829417,0.8121766911135934,-0.17983083556505133,0.03965059963155401,-0.2034063497167105,-0.11046247929334356,5,1.0,0.17983083556505133,Encoded
categorical__APP_FAMILY_STATUS_Married,-0.17565358965424185,0.838908539605584,-0.1756743747405648,0.02118739938992105,-0.1974043006411469,-0.14665218898568877,5,1.0,0.1756743747405648,APP
numeric__APP_AGE_YEARS,-0.17503935634632062,0.8394239834580949,-0.17504924836731886,0.007801562710232714,-0.1822031114833186,-0.16636018709182804,5,1.0,0.17504924836731886,APP
categorical__APP_OCCUPATION_TYPE_Medicine staff,0.17902784968773114,1.1960540534359527,0.17360996238517878,0.03992287274457645,0.1088883982593801,0.20392207074462051,5,1.0,0.17360996238517878,APP
categorical__APP_OCCUPATION_TYPE_High skill tech staff,0.17746266961405283,1.1941834777402516,0.17194883630932467,0.04458289351164602,0.1325288210053648,0.24867747076890204,5,1.0,0.17194883630932467,APP
categorical__APP_OCCUPATION_TYPE_Secretaries,0.17292690718629183,1.1887792106910058,0.16609440577884568,0.06877137317379034,0.08025996671526062,0.2476998523947188,5,1.0,0.16609440577884568,APP
numeric__APP_CREDIT_TO_GOODS,0.16288499530653786,1.1769013327282678,0.16289512013953206,0.003459443275917308,0.15836812297812256,0.1667776065939263,5,1.0,0.16289512013953206,APP
numeric__PREV_CANCELED_SHARE,-0.159269623688979,0.852766401946464,-0.16250935458474566,0.08907165782839589,-0.2250579665716413,-0.007583482933793136,5,1.0,0.16250935458474566,PREV
numeric__APP_ANNUITY_TO_INCOME,0.1602607057406072,1.1738168518962988,0.16037302408887608,0.022537598332023383,0.12556809495896668,0.18251477580369008,5,1.0,0.16037302408887608,APP
numeric__INST_CONTRACT_COUNT,0.15805943871413544,1.1712358093892048,0.15782108640986806,0.010659222764418946,0.1406933203988326,0.16657299019815697,5,1.0,0.15782108640986806,INST
numeric__APP_EMPLOYMENT_MISSING,0.1692945272784605,1.1844689459699305,0.15343669898960804,0.021235661724707273,0.13434537709986552,0.18620577793112203,5,1.0,0.15343669898960804,APP
numeric__missingindicator_APP_EMPLOYMENT_YEARS,0.1692945272784605,1.1844689459699305,0.15343669898960804,0.021235661724707273,0.13434537709986552,0.18620577793112203,5,1.0,0.15343669898960804,Encoded
numeric__INST_LATE_RATE,0.14858114485804305,1.160186937159231,0.14856888712049304,0.006646917423825512,0.14142016171960398,0.15807466147767746,5,1.0,0.14856888712049304,INST
numeric__INST_DAYS_SINCE_LAST_SCHEDULED,0.1439044006497819,1.1547737076317723,0.14363314680697267,0.011894370154736864,0.12877187295500492,0.15828597880484174,5,1.0,0.14363314680697267,INST
categorical__APP_OCCUPATION_TYPE_Core staff,0.14645110487248164,1.1577183226495196,0.14124605912329882,0.033454318609881385,0.1082830164666397,0.17840567587505798,5,1.0,0.14124605912329882,APP
categorical__APP_EDUCATION_TYPE_Incomplete higher,0.13436537064806503,1.1438106581484675,0.1343533650571945,0.012674322000766607,0.11719197007190424,0.1465014131842452,5,1.0,0.1343533650571945,APP
numeric__BUREAU_HISTORY_DAYS,-0.1338844002039955,0.8746911728803253,-0.13362717656401854,0.006316951609922929,-0.14156524735597006,-0.12850019518413502,5,1.0,0.13362717656401854,BUREAU
numeric__PREV_HISTORY_DAYS,-0.13344429703706742,0.8750762119578377,-0.13338709856284886,0.007894887949396695,-0.14533602327544673,-0.12693448138233554,5,1.0,0.13338709856284886,PREV
categorical__APP_INCOME_TYPE_Working,0.12984198601248842,1.1386484467273053,0.1297612477202486,0.007494661144311603,0.12177574819243805,0.13880676427165825,5,1.0,0.1297612477202486,APP
categorical__APP_CONTRACT_TYPE_Revolving loans,-0.12966855357177284,0.8783865207524603,-0.12970148203345847,0.02238079541150742,-0.16393655131057117,-0.10584890010529976,5,1.0,0.12970148203345847,APP
numeric__BUREAU_ACTIVE_DEBT_TO_CREDIT,0.12367949321833799,1.1316531103722969,0.12363442281388866,0.008464747824478265,0.11618590412911613,0.1369694395383392,5,1.0,0.12363442281388866,BUREAU
numeric__missingindicator_PREV_ANNUITY_MEAN,-0.1213291124659869,0.885742402751613,-0.1233350077083812,0.015146225719060722,-0.13607576430000862,-0.10260671072074548,5,1.0,0.1233350077083812,Encoded
categorical__APP_FAMILY_STATUS_Separated,-0.11374790869182515,0.8924829147116276,-0.12105421060636759,0.1500658499139133,-0.3493332747427339,0.036409573001522255,5,0.8,0.12105421060636759,APP
numeric__BUREAU_ACTIVE_DEBT_SUM,-0.11849772890854458,0.888253832960204,-0.11822282691308143,0.048585218060076214,-0.19647616091718298,-0.07118669221365924,5,1.0,0.11822282691308143,BUREAU
categorical__APP_HOUSING_TYPE_House / apartment,-0.10930195012210099,0.8964596905142601,-0.11652034142034307,0.021491796635468536,-0.15116547213270454,-0.0936111187500953,5,1.0,0.11652034142034307,APP
numeric__BUREAU_DEBT_TO_CREDIT,0.1114211752344587,1.1178656250367978,0.11145451297414917,0.010833092248373737,0.09245345716643674,0.11945424394103221,5,1.0,0.11145451297414917,BUREAU
numeric__PREV_REQUEST_TO_GRANTED_MEAN,0.10561160880972909,1.1113901385315854,0.10563671231517843,0.006325695745202048,0.09869807304345736,0.11438520794057362,5,1.0,0.10563671231517843,PREV
numeric__PREV_CONSUMER_LOAN_SHARE,-0.10066684181008052,0.9042342357502233,-0.10071566463551025,0.01032293279480821,-0.1179195472520345,-0.090885608106432,5,1.0,0.10071566463551025,PREV
numeric__APP_CREDIT,-0.09927962578920836,0.9054894744109722,-0.09911985381630657,0.024511612441557865,-0.1287986766336569,-0.07587495374953294,5,1.0,0.09911985381630657,APP
numeric__APP_REGION_POPULATION_RELATIVE,-0.09758359623240268,0.907026514387121,-0.09766093697042445,0.0027683610021996615,-0.10143461615228194,-0.0944767319249322,5,1.0,0.09766093697042445,APP
numeric__BUREAU_MAX_OVERDUE,0.09439772012212982,1.0989967521308086,0.0943528418467232,0.005298974688657488,0.0861955836587248,0.09989750564397992,5,1.0,0.0943528418467232,BUREAU
categorical__APP_INCOME_TYPE_State servant,-0.09372218714688842,0.9105356856231399,-0.09400284986112896,0.023302755096818402,-0.11806088015257644,-0.06057675648437769,5,1.0,0.09400284986112896,APP
numeric__PREV_APPLICATION_AMOUNT_MEAN,-0.09222794926114136,0.9118972595452545,-0.09190786352788156,0.019151401474280422,-0.11969801294908848,-0.06910441542105314,5,1.0,0.09190786352788156,PREV
numeric__APP_FAMILY_MEMBERS,-0.07840764338569728,0.9245874477547288,-0.08472014186283762,0.14890400338235052,-0.31220953926540795,0.08932448715976686,5,0.8,0.08472014186283762,APP
categorical__APP_HOUSING_TYPE_Municipal apartment,-0.07477410080572679,0.9279530865079713,-0.08186895996315595,0.019175767471617967,-0.10719699080584236,-0.06336581226375582,5,1.0,0.08186895996315595,APP
numeric__missingindicator_PREV_REQUEST_TO_GRANTED_MEAN,-0.08096683628241785,0.9222242753228819,-0.08120252968802784,0.03355263826437913,-0.12710712962045795,-0.04977178449538414,5,1.0,0.08120252968802784,Encoded
numeric__APP_INCOME,0.08028664732801402,1.0835976335276891,0.08016138139061853,0.011042665407379696,0.06526143721932808,0.09198265731643046,5,1.0,0.08016138139061853,APP
numeric__APP_ANNUITY,0.07899839337469866,1.0822025833748663,0.07880553010561028,0.014187122424601852,0.06749931255566721,0.09973821288522726,5,1.0,0.07880553010561028,APP
numeric__INST_RECENT_LATE_COUNT,0.07846147507414118,1.0816216849643907,0.07852183759790218,0.007723367888378296,0.06634711912022909,0.08625053661617378,5,1.0,0.07852183759790218,INST
categorical__APP_FAMILY_STATUS_Single / not married,-0.06840177294338665,0.9338851883916197,-0.07576298369828037,0.14547982627685815,-0.2984890629467243,0.07468799595509783,5,0.6,0.07576298369828037,APP
numeric__APP_CHILDREN,0.0681259146170854,1.0705000916021377,0.07311181439789738,0.11447419201441411,-0.06154337797811711,0.24823755102582107,5,0.8,0.07311181439789738,APP
categorical__APP_OCCUPATION_TYPE_Private service staff,0.07908291601243674,1.082294057857558,0.07239490384526753,0.09308764449741593,-0.06909274960416605,0.16853382738289854,5,0.8,0.07239490384526753,APP
numeric__missingindicator_INST_DAYS_LATE_STD,0.07167807722362171,1.074309443711391,0.07081034631322457,0.01870060027304654,0.041934807314057604,0.08817755901259278,5,1.0,0.07081034631322457,Encoded
numeric__missingindicator_BUREAU_ACTIVE_DEBT_TO_CREDIT,0.06953909425294857,1.0720139699708762,0.06903060155011222,0.0071351910518793965,0.06246839709576824,0.0769236803148349,5,1.0,0.06903060155011222,Encoded
numeric__BUREAU_ACTIVE_CREDIT_SUM,0.06880612985682034,1.0712285097910734,0.06860580310890278,0.02010075807803944,0.03686415232748293,0.092772268048932,5,1.0,0.06860580310890278,BUREAU
numeric__PREV_DAYS_SINCE_MOST_RECENT,-0.06536886361577449,0.9367218770256714,-0.0652626412409674,0.007797370273268552,-0.07278751151991791,-0.056797782531652914,5,1.0,0.0652626412409674,PREV
numeric__INST_LATE_COUNT,-0.056921543180065454,0.9446681821206223,-0.0568904835653062,0.006566184104617166,-0.06528165128452675,-0.04897237430984843,5,1.0,0.0568904835653062,INST
numeric__INST_RECENT_SCHEDULE_COUNT,0.05434714401179396,1.0558510709192972,0.05436149615828824,0.012789031153645297,0.0438679829165527,0.0761414136679156,5,1.0,0.05436149615828824,INST
categorical__APP_HOUSING_TYPE_Rented apartment,0.06122376677788951,1.0631367822649394,0.05417702467668859,0.034771575837279925,0.014032452229329594,0.09513869229451608,5,1.0,0.05417702467668859,APP
numeric__INST_SCHEDULE_COUNT,-0.05327242389445487,0.9481216862945853,-0.05335896767840405,0.007817214153564398,-0.06492729155640138,-0.04620094503434686,5,1.0,0.05335896767840405,INST
numeric__PREV_APPLICATION_COUNT,0.05136443694467918,1.052706468513495,0.05095234354017565,0.04243703458370889,-0.022644503024424927,0.07794668755977872,5,0.8,0.05095234354017565,PREV
categorical__APP_HOUSING_TYPE_With parents,-0.0434660906612871,0.9574650205461932,-0.05070584047751425,0.010765130343359805,-0.0621977020632145,-0.03857134130658976,5,1.0,0.05070584047751425,APP
numeric__BB_DELINQUENT_MONTHS,-0.049464843607622315,0.9517386172445769,-0.04959844674907308,0.010039999366535919,-0.0593619347315642,-0.037440919093146625,5,1.0,0.04959844674907308,BB
numeric__PREV_UNUSED_OFFER_SHARE,-0.04780764966321161,0.9533171403159167,-0.048947391668398836,0.03015602913138937,-0.07144169565832165,0.0018163393679647044,5,0.8,0.048947391668398836,PREV
numeric__INST_PAYMENT_RATIO_MEAN,-0.04817706830633605,0.9529650322331235,-0.04818655360219621,0.005406907787305388,-0.05159141935995684,-0.03879943606646102,5,1.0,0.04818655360219621,INST
numeric__INST_DAYS_LATE_STD,0.04555720396295575,1.0466108731911916,0.04613665334873254,0.03253135157244464,-0.0030317426652733074,0.08096042076161529,5,0.8,0.04613665334873254,INST
numeric__APP_CAR_AGE,0.04483110019797787,1.045851200929522,0.04487960346484767,0.0028804740501944467,0.04058485510909491,0.04739705611036725,5,1.0,0.04487960346484767,APP
numeric__INST_RECENT_LATE_RATE,0.04168875640397292,1.042569935031617,0.041667774935730206,0.008503075064999773,0.028793816948527565,0.05160244998534087,5,1.0,0.041667774935730206,INST
numeric__BB_91_PLUS_MONTHS,-0.05112783543314611,0.9501571990113176,-0.04109104079017857,0.03702070611496678,-0.09468757658064424,-0.0023384248792456654,5,1.0,0.04109104079017857,BB
numeric__BUREAU_ANNUITY_SUM,0.04099754508211399,1.0418495478872505,0.04097714445871897,0.0030041717250379888,0.03698493166270297,0.045300402101327124,5,1.0,0.04097714445871897,BUREAU
numeric__INST_30_PLUS_LATE_COUNT,0.04098761305943654,1.041839200265301,0.04095013305338143,0.006989217002971417,0.03258291340931467,0.05199413293145499,5,1.0,0.04095013305338143,INST
numeric__PREV_REFUSED_SHARE,-0.035685197692688075,0.9649440122764178,-0.03878895843637531,0.09132231310155925,-0.1010419143473182,0.12038515485585168,5,0.8,0.03878895843637531,PREV
numeric__BB_CREDITS_EVER_DELINQUENT,0.03868508293715559,1.0394430937364552,0.038627927328356966,0.006705434917356102,0.03281050789926955,0.049377620175156796,5,1.0,0.038627927328356966,BB
numeric__PREV_REFUSED_COUNT,0.03561804719236885,1.0362599684879794,0.035743579283099125,0.012567636365820273,0.024629409850463888,0.055984380873867604,5,1.0,0.035743579283099125,PREV
numeric__PREV_CANCELED_COUNT,0.034940322238917444,1.0355579071781786,0.03517764244298904,0.02090212608239156,0.01165237025920404,0.06271724247578613,5,1.0,0.03517764244298904,PREV
numeric__BB_DELINQUENT_MONTH_SHARE,0.03368681724311245,1.0342606434012613,0.03378384170773753,0.004022638927605502,0.028843186228596246,0.038557434095649594,5,1.0,0.03378384170773753,BB
numeric__BB_61_PLUS_MONTHS,0.04393515134934089,1.0449145913899762,0.030421783265916096,0.031455574584790515,-0.0026619681306566693,0.07141371847275028,5,0.8,0.030421783265916096,BB
numeric__BUREAU_OVERDUE_SUM,0.030410418040678303,1.0308775378826343,0.03037807652036443,0.005308420222378926,0.02264050536879011,0.03617735960266702,5,1.0,0.03037807652036443,BUREAU
numeric__BB_MONTH_COUNT,-0.0293060366132064,0.9711192209478263,-0.02937367777147858,0.012344990189120634,-0.043042250022281965,-0.00982516135815061,5,1.0,0.02937367777147858,BB
numeric__INST_DAYS_LATE_MAX,-0.025834013072603884,0.974496829919545,-0.026174112336795074,0.018356200147271174,-0.04418485029643339,0.00043782038643686325,5,0.8,0.026174112336795074,INST
numeric__BB_31_PLUS_MONTHS,0.021750736490525113,1.0219890081517211,0.02557652684676386,0.009226015349479063,0.013094212085380346,0.03613828510518678,5,1.0,0.02557652684676386,BB
numeric__BUREAU_OVERDUE_ACCOUNT_COUNT,0.025225641713686037,1.0255465004887963,0.025178436488594434,0.005118327330252535,0.02090666259268546,0.033266095897816206,5,1.0,0.025178436488594434,BUREAU
numeric__PREV_CASH_LOAN_SHARE,-0.023912563455732033,0.9763710765386225,-0.023896974420172568,0.011976377200691831,-0.041271312892417644,-0.00830499016744318,5,1.0,0.023896974420172568,PREV
numeric__PREV_CONSUMER_LOAN_COUNT,-0.02379601234598663,0.9764848803029651,-0.02360179694786199,0.008967510159391056,-0.03523463820376703,-0.015096978950701967,5,1.0,0.02360179694786199,PREV
numeric__BUREAU_ACTIVE_COUNT,0.028388733053299395,1.028795533528077,0.023291890471144314,0.03516112284477758,-0.017752774453283184,0.0573906485152282,5,0.6,0.023291890471144314,BUREAU
numeric__INST_RECENT_UNDERPAID_RATE,0.02242719168816408,1.022680571807759,0.02245392344579414,0.005776157389790024,0.01567922093422426,0.031667472404311725,5,1.0,0.02245392344579414,INST
numeric__BB_WORST_SEVERITY,0.022230101653456888,1.0224790315198105,0.022120461982728344,0.012377005322790343,0.0008021685252331261,0.03209219502547541,5,1.0,0.022120461982728344,BB
numeric__PREV_CREDIT_AMOUNT_SUM,0.020678407532394416,1.020893687120577,0.020645878014793142,0.006607612909644709,0.013257335139181129,0.03067571518812081,5,1.0,0.020645878014793142,PREV
numeric__missingindicator_INST_DAYS_SINCE_LAST_SCHEDULED,0.02308113576744702,1.0233495664313859,0.01981602467220129,0.004523695542672837,0.012425543986600816,0.023579549164266134,5,1.0,0.01981602467220129,Encoded
numeric__missingindicator_INST_30_PLUS_LATE_RATE,0.02308113576744702,1.0233495664313859,0.01981602467220129,0.004523695542672837,0.012425543986600816,0.023579549164266134,5,1.0,0.01981602467220129,Encoded
numeric__missingindicator_INST_LATE_RATE,0.02308113576744702,1.0233495664313859,0.01981602467220129,0.004523695542672837,0.012425543986600816,0.023579549164266134,5,1.0,0.01981602467220129,Encoded
numeric__missingindicator_INST_RECENT_UNDERPAID_COUNT,0.02308113576744702,1.0233495664313859,0.01981602467220129,0.004523695542672837,0.012425543986600816,0.023579549164266134,5,1.0,0.01981602467220129,Encoded
numeric__missingindicator_INST_RECENT_LATE_COUNT,0.02308113576744702,1.0233495664313859,0.01981602467220129,0.004523695542672837,0.012425543986600816,0.023579549164266134,5,1.0,0.01981602467220129,Encoded
numeric__missingindicator_INST_RECENT_SCHEDULE_COUNT,0.02308113576744702,1.0233495664313859,0.01981602467220129,0.004523695542672837,0.012425543986600816,0.023579549164266134,5,1.0,0.01981602467220129,Encoded
numeric__missingindicator_INST_SEVERELY_UNDERPAID_COUNT,0.02308113576744702,1.0233495664313859,0.01981602467220129,0.004523695542672837,0.012425543986600816,0.023579549164266134,5,1.0,0.01981602467220129,Encoded
numeric__missingindicator_INST_SEVERELY_UNDERPAID_RATE,0.02308113576744702,1.0233495664313859,0.01981602467220129,0.004523695542672837,0.012425543986600816,0.023579549164266134,5,1.0,0.01981602467220129,Encoded
numeric__missingindicator_INST_UNDERPAID_COUNT,0.02308113576744702,1.0233495664313859,0.01981602467220129,0.004523695542672837,0.012425543986600816,0.023579549164266134,5,1.0,0.01981602467220129,Encoded
numeric__missingindicator_INST_30_PLUS_LATE_COUNT,0.02308113576744702,1.0233495664313859,0.01981602467220129,0.004523695542672837,0.012425543986600816,0.023579549164266134,5,1.0,0.01981602467220129,Encoded
numeric__missingindicator_INST_LATE_COUNT,0.02308113576744702,1.0233495664313859,0.01981602467220129,0.004523695542672837,0.012425543986600816,0.023579549164266134,5,1.0,0.01981602467220129,Encoded
numeric__missingindicator_INST_DAYS_LATE_MAX,0.02308113576744702,1.0233495664313859,0.01981602467220129,0.004523695542672837,0.012425543986600816,0.023579549164266134,5,1.0,0.01981602467220129,Encoded
numeric__missingindicator_INST_DAYS_LATE_MEAN,0.02308113576744702,1.0233495664313859,0.01981602467220129,0.004523695542672837,0.012425543986600816,0.023579549164266134,5,1.0,0.01981602467220129,Encoded
numeric__missingindicator_INST_UNDERPAID_RATE,0.02308113576744702,1.0233495664313859,0.01981602467220129,0.004523695542672837,0.012425543986600816,0.023579549164266134,5,1.0,0.01981602467220129,Encoded
numeric__missingindicator_INST_CONTRACT_COUNT,0.02308113576744702,1.0233495664313859,0.01981602467220129,0.004523695542672837,0.012425543986600816,0.023579549164266134,5,1.0,0.01981602467220129,Encoded
numeric__missingindicator_INST_SCHEDULE_COUNT,0.02308113576744702,1.0233495664313859,0.01981602467220129,0.004523695542672837,0.012425543986600816,0.023579549164266134,5,1.0,0.01981602467220129,Encoded
numeric__INST_NO_HISTORY,0.02308113576744702,1.0233495664313859,0.01981602467220129,0.004523695542672837,0.012425543986600816,0.023579549164266134,5,1.0,0.01981602467220129,INST
numeric__BB_CLEAN_MONTHS,-0.019788141752613553,0.9804063584789041,-0.01970447506763977,0.011085608966619455,-0.037709109374363815,-0.00757726189783602,5,1.0,0.01970447506763977,BB
numeric__INST_DAYS_LATE_MEAN,-0.01781010139187582,0.9823475610815113,-0.018263754616164175,0.010744986447849136,-0.02930600377710666,-0.002626444708129322,5,1.0,0.018263754616164175,INST
numeric__APP_CREDIT_TO_INCOME,-0.0166091757335566,0.9835279961385045,-0.016734477981942476,0.01909248408818966,-0.03205758514604332,0.015302756266974337,5,0.8,0.016734477981942476,APP
numeric__missingindicator_INST_RECENT_LATE_RATE,0.01482275566303195,1.0149331575178617,0.014880575102375514,0.005881611069362737,0.005758391150311326,0.021115902594238668,5,1.0,0.014880575102375514,Encoded
numeric__missingindicator_INST_RECENT_UNDERPAID_RATE,0.01482275566303195,1.0149331575178617,0.014880575102375514,0.005881611069362737,0.005758391150311326,0.021115902594238668,5,1.0,0.014880575102375514,Encoded
numeric__APP_INCOME_PER_FAMILY_MEMBER,-0.014880906221434616,0.9852292672926202,-0.014690661362020869,0.00986397465656647,-0.023022915533063983,0.0022999667102017985,5,0.8,0.014690661362020869,APP
numeric__missingindicator_BUREAU_MAX_OVERDUE,0.014316130612263507,1.014419097184324,0.014243414335837905,0.006549423166467892,0.006560190370882221,0.02314287615850235,5,1.0,0.014243414335837905,Encoded
numeric__missingindicator_APP_CREDIT_TO_ANNUITY,-0.014378397792086151,0.9857244777175612,-0.014143842706893223,0.002144375218272799,-0.016318140490416567,-0.01182267114306502,5,1.0,0.014143842706893223,Encoded
numeric__missingindicator_APP_ANNUITY_TO_INCOME,-0.014378397792086151,0.9857244777175612,-0.014143842706893223,0.002144375218272799,-0.016318140490416567,-0.01182267114306502,5,1.0,0.014143842706893223,Encoded
numeric__missingindicator_APP_ANNUITY,-0.014378397792086151,0.9857244777175612,-0.014143842706893223,0.002144375218272799,-0.016318140490416567,-0.01182267114306502,5,1.0,0.014143842706893223,Encoded
categorical__APP_OWNS_REALTY_Y,0.014066754551578985,1.0141661568859237,0.013928184411318939,0.008914473613388202,-0.0007518124814034233,0.021611516228352584,5,0.8,0.013928184411318939,APP
numeric__INST_PAYMENT_RATIO_MIN,-0.010900090966382074,0.9891590997684838,-0.01226360004642042,0.016540722449393485,-0.035279128947451575,0.00977205090822392,5,0.8,0.01226360004642042,INST
numeric__BB_RECENT_DELINQUENT,0.012182236693867969,1.0122567423805449,0.01218694209366225,0.0037770001228700496,0.008975163525632905,0.01791152677007041,5,1.0,0.01218694209366225,BB
numeric__missingindicator_APP_FAMILY_MEMBERS,-0.010364139478613529,0.9896893831500347,-0.011655159956284232,0.0013473121248699178,-0.012821745508925059,-0.009864855711056462,4,1.0,0.011655159956284232,Encoded
numeric__missingindicator_APP_INCOME_PER_FAMILY_MEMBER,-0.010364139478613529,0.9896893831500347,-0.011655159956284232,0.0013473121248699178,-0.012821745508925059,-0.009864855711056462,4,1.0,0.011655159956284232,Encoded
numeric__PREV_UNUSED_OFFER_COUNT,0.011289350578347453,1.011353315778487,0.011296955934567343,0.0078035974120975096,0.0031714561844418373,0.023220285723235316,5,1.0,0.011296955934567343,PREV
numeric__APP_CREDIT_TO_ANNUITY,0.009192887871335752,1.009235272243747,0.009155779298243644,0.01005437627148693,-0.002809635484757336,0.02177144761359512,5,0.8,0.009155779298243644,APP
numeric__BUREAU_CREDIT_SUM,-0.00894228815506539,0.9910975751919869,-0.009006577126247287,0.006212110307573549,-0.015207505918535,-0.0010368420831925562,5,1.0,0.009006577126247287,BUREAU
numeric__INST_30_PLUS_LATE_RATE,-0.008542457248306854,0.9914939258655064,-0.008467543934517723,0.00877052577024624,-0.02394359269949633,-0.0031718027396299155,5,1.0,0.008467543934517723,INST
numeric__missingindicator_PREV_APPROVED_CREDIT_SUM,0.00774483128393348,1.007774900065496,0.007807777384080086,0.0008303095514804136,0.006813942564290862,0.008886913125773218,5,1.0,0.007807777384080086,Encoded
numeric__missingindicator_PREV_CONSUMER_LOAN_SHARE,0.00774483128393348,1.007774900065496,0.007807777384080086,0.0008303095514804136,0.006813942564290862,0.008886913125773218,5,1.0,0.007807777384080086,Encoded
numeric__missingindicator_PREV_APPLICATION_AMOUNT_MEAN,0.00774483128393348,1.007774900065496,0.007807777384080086,0.0008303095514804136,0.006813942564290862,0.008886913125773218,5,1.0,0.007807777384080086,Encoded
numeric__missingindicator_PREV_CASH_LOAN_SHARE,0.00774483128393348,1.007774900065496,0.007807777384080086,0.0008303095514804136,0.006813942564290862,0.008886913125773218,5,1.0,0.007807777384080086,Encoded
numeric__PREV_NO_HISTORY,0.00774483128393348,1.007774900065496,0.007807777384080086,0.0008303095514804136,0.006813942564290862,0.008886913125773218,5,1.0,0.007807777384080086,PREV
numeric__missingindicator_PREV_APPLICATION_COUNT,0.00774483128393348,1.007774900065496,0.007807777384080086,0.0008303095514804136,0.006813942564290862,0.008886913125773218,5,1.0,0.007807777384080086,Encoded
numeric__missingindicator_PREV_REFUSED_COUNT,0.00774483128393348,1.007774900065496,0.007807777384080086,0.0008303095514804136,0.006813942564290862,0.008886913125773218,5,1.0,0.007807777384080086,Encoded
numeric__missingindicator_PREV_CANCELED_COUNT,0.00774483128393348,1.007774900065496,0.007807777384080086,0.0008303095514804136,0.006813942564290862,0.008886913125773218,5,1.0,0.007807777384080086,Encoded
numeric__missingindicator_PREV_UNUSED_OFFER_COUNT,0.00774483128393348,1.007774900065496,0.007807777384080086,0.0008303095514804136,0.006813942564290862,0.008886913125773218,5,1.0,0.007807777384080086,Encoded
numeric__missingindicator_PREV_DAYS_SINCE_MOST_RECENT,0.00774483128393348,1.007774900065496,0.007807777384080086,0.0008303095514804136,0.006813942564290862,0.008886913125773218,5,1.0,0.007807777384080086,Encoded
numeric__missingindicator_PREV_HISTORY_DAYS,0.00774483128393348,1.007774900065496,0.007807777384080086,0.0008303095514804136,0.006813942564290862,0.008886913125773218,5,1.0,0.007807777384080086,Encoded
numeric__missingindicator_PREV_APPROVED_COUNT,0.00774483128393348,1.007774900065496,0.007807777384080086,0.0008303095514804136,0.006813942564290862,0.008886913125773218,5,1.0,0.007807777384080086,Encoded
numeric__missingindicator_PREV_CREDIT_AMOUNT_MEAN,0.00774483128393348,1.007774900065496,0.007807777384080086,0.0008303095514804136,0.006813942564290862,0.008886913125773218,5,1.0,0.007807777384080086,Encoded
numeric__missingindicator_PREV_CANCELED_SHARE,0.00774483128393348,1.007774900065496,0.007807777384080086,0.0008303095514804136,0.006813942564290862,0.008886913125773218,5,1.0,0.007807777384080086,Encoded
numeric__missingindicator_PREV_UNUSED_OFFER_SHARE,0.00774483128393348,1.007774900065496,0.007807777384080086,0.0008303095514804136,0.006813942564290862,0.008886913125773218,5,1.0,0.007807777384080086,Encoded
numeric__missingindicator_PREV_CASH_LOAN_COUNT,0.00774483128393348,1.007774900065496,0.007807777384080086,0.0008303095514804136,0.006813942564290862,0.008886913125773218,5,1.0,0.007807777384080086,Encoded
numeric__missingindicator_PREV_CONSUMER_LOAN_COUNT,0.00774483128393348,1.007774900065496,0.007807777384080086,0.0008303095514804136,0.006813942564290862,0.008886913125773218,5,1.0,0.007807777384080086,Encoded
numeric__missingindicator_PREV_APPROVED_SHARE,0.00774483128393348,1.007774900065496,0.007807777384080086,0.0008303095514804136,0.006813942564290862,0.008886913125773218,5,1.0,0.007807777384080086,Encoded
numeric__missingindicator_PREV_CREDIT_AMOUNT_SUM,0.00774483128393348,1.007774900065496,0.007807777384080086,0.0008303095514804136,0.006813942564290862,0.008886913125773218,5,1.0,0.007807777384080086,Encoded
numeric__missingindicator_PREV_REFUSED_SHARE,0.00774483128393348,1.007774900065496,0.007807777384080086,0.0008303095514804136,0.006813942564290862,0.008886913125773218,5,1.0,0.007807777384080086,Encoded
numeric__BUREAU_DAYS_SINCE_MOST_RECENT,-0.007154174385996289,0.9928713558008271,-0.00743350239370546,0.0065828879305417495,-0.015285850941918028,-0.0008084104508688242,5,1.0,0.00743350239370546,BUREAU
numeric__PREV_CASH_LOAN_COUNT,-0.006036167241767008,0.993982013816023,-0.006010946101748415,0.02036853076835437,-0.03720458679520391,0.018833580560023325,5,0.6,0.006010946101748415,PREV
numeric__BUREAU_NO_HISTORY,0.0057895442060473526,1.0058063360070886,0.005945071160182442,0.0026909080196162363,0.0035471406814196983,0.010525424346129112,5,1.0,0.005945071160182442,BUREAU
numeric__missingindicator_BUREAU_RECORD_COUNT,0.0057895442060473526,1.0058063360070886,0.005945071160182442,0.0026909080196162363,0.0035471406814196983,0.010525424346129112,5,1.0,0.005945071160182442,Encoded
numeric__missingindicator_BUREAU_ACTIVE_CREDIT_SUM,0.0057895442060473526,1.0058063360070886,0.005945071160182442,0.0026909080196162363,0.0035471406814196983,0.010525424346129112,5,1.0,0.005945071160182442,Encoded
numeric__missingindicator_BUREAU_ACTIVE_COUNT,0.0057895442060473526,1.0058063360070886,0.005945071160182442,0.0026909080196162363,0.0035471406814196983,0.010525424346129112,5,1.0,0.005945071160182442,Encoded
numeric__missingindicator_BUREAU_CLOSED_COUNT,0.0057895442060473526,1.0058063360070886,0.005945071160182442,0.0026909080196162363,0.0035471406814196983,0.010525424346129112,5,1.0,0.005945071160182442,Encoded
numeric__missingindicator_BUREAU_CREDIT_TYPE_COUNT,0.0057895442060473526,1.0058063360070886,0.005945071160182442,0.0026909080196162363,0.0035471406814196983,0.010525424346129112,5,1.0,0.005945071160182442,Encoded
numeric__missingindicator_BUREAU_DAYS_SINCE_MOST_RECENT,0.0057895442060473526,1.0058063360070886,0.005945071160182442,0.0026909080196162363,0.0035471406814196983,0.010525424346129112,5,1.0,0.005945071160182442,Encoded
numeric__missingindicator_BUREAU_HISTORY_DAYS,0.0057895442060473526,1.0058063360070886,0.005945071160182442,0.0026909080196162363,0.0035471406814196983,0.010525424346129112,5,1.0,0.005945071160182442,Encoded
numeric__missingindicator_BUREAU_DEBT_SUM,0.0057895442060473526,1.0058063360070886,0.005945071160182442,0.0026909080196162363,0.0035471406814196983,0.010525424346129112,5,1.0,0.005945071160182442,Encoded
numeric__missingindicator_BUREAU_OVERDUE_SUM,0.0057895442060473526,1.0058063360070886,0.005945071160182442,0.0026909080196162363,0.0035471406814196983,0.010525424346129112,5,1.0,0.005945071160182442,Encoded
numeric__missingindicator_BUREAU_OVERDUE_ACCOUNT_COUNT,0.0057895442060473526,1.0058063360070886,0.005945071160182442,0.0026909080196162363,0.0035471406814196983,0.010525424346129112,5,1.0,0.005945071160182442,Encoded
numeric__missingindicator_BUREAU_PROLONG_COUNT,0.0057895442060473526,1.0058063360070886,0.005945071160182442,0.0026909080196162363,0.0035471406814196983,0.010525424346129112,5,1.0,0.005945071160182442,Encoded
numeric__missingindicator_BUREAU_ANNUITY_SUM,0.0057895442060473526,1.0058063360070886,0.005945071160182442,0.0026909080196162363,0.0035471406814196983,0.010525424346129112,5,1.0,0.005945071160182442,Encoded
numeric__missingindicator_BUREAU_CREDIT_SUM,0.0057895442060473526,1.0058063360070886,0.005945071160182442,0.0026909080196162363,0.0035471406814196983,0.010525424346129112,5,1.0,0.005945071160182442,Encoded
numeric__missingindicator_BUREAU_ACTIVE_DEBT_SUM,0.0057895442060473526,1.0058063360070886,0.005945071160182442,0.0026909080196162363,0.0035471406814196983,0.010525424346129112,5,1.0,0.005945071160182442,Encoded
numeric__missingindicator_BUREAU_ACTIVE_SHARE,0.0057895442060473526,1.0058063360070886,0.005945071160182442,0.0026909080196162363,0.0035471406814196983,0.010525424346129112,5,1.0,0.005945071160182442,Encoded
numeric__missingindicator_BB_91_PLUS_MONTHS,0.0055270057464058536,1.0055423078212287,0.005529103219613729,0.0005700641033564474,0.004839983139893021,0.006403599464757889,5,1.0,0.005529103219613729,Encoded
numeric__missingindicator_BB_31_PLUS_MONTH_SHARE,0.0055270057464058536,1.0055423078212287,0.005529103219613729,0.0005700641033564474,0.004839983139893021,0.006403599464757889,5,1.0,0.005529103219613729,Encoded
numeric__BB_NO_HISTORY,0.0055270057464058536,1.0055423078212287,0.005529103219613729,0.0005700641033564474,0.004839983139893021,0.006403599464757889,5,1.0,0.005529103219613729,BB
numeric__missingindicator_BB_DELINQUENT_MONTH_SHARE,0.0055270057464058536,1.0055423078212287,0.005529103219613729,0.0005700641033564474,0.004839983139893021,0.006403599464757889,5,1.0,0.005529103219613729,Encoded
numeric__missingindicator_BB_CREDITS_EVER_DELINQUENT,0.0055270057464058536,1.0055423078212287,0.005529103219613729,0.0005700641033564474,0.004839983139893021,0.006403599464757889,5,1.0,0.005529103219613729,Encoded
numeric__missingindicator_BB_RECENT_DELINQUENT,0.0055270057464058536,1.0055423078212287,0.005529103219613729,0.0005700641033564474,0.004839983139893021,0.006403599464757889,5,1.0,0.005529103219613729,Encoded
numeric__missingindicator_BB_WORST_SEVERITY,0.0055270057464058536,1.0055423078212287,0.005529103219613729,0.0005700641033564474,0.004839983139893021,0.006403599464757889,5,1.0,0.005529103219613729,Encoded
numeric__missingindicator_BB_CLEAN_MONTHS,0.0055270057464058536,1.0055423078212287,0.005529103219613729,0.0005700641033564474,0.004839983139893021,0.006403599464757889,5,1.0,0.005529103219613729,Encoded
numeric__missingindicator_BB_MONTH_COUNT,0.0055270057464058536,1.0055423078212287,0.005529103219613729,0.0005700641033564474,0.004839983139893021,0.006403599464757889,5,1.0,0.005529103219613729,Encoded
numeric__missingindicator_BB_61_PLUS_MONTHS,0.0055270057464058536,1.0055423078212287,0.005529103219613729,0.0005700641033564474,0.004839983139893021,0.006403599464757889,5,1.0,0.005529103219613729,Encoded
numeric__missingindicator_BB_31_PLUS_MONTHS,0.0055270057464058536,1.0055423078212287,0.005529103219613729,0.0005700641033564474,0.004839983139893021,0.006403599464757889,5,1.0,0.005529103219613729,Encoded
numeric__missingindicator_BB_DELINQUENT_MONTHS,0.0055270057464058536,1.0055423078212287,0.005529103219613729,0.0005700641033564474,0.004839983139893021,0.006403599464757889,5,1.0,0.005529103219613729,Encoded
numeric__BB_31_PLUS_MONTH_SHARE,0.005244610076986369,1.005258387118957,0.005016041987614225,0.00593685985354535,-0.00459507300815825,0.011032983333636127,5,0.8,0.005016041987614225,BB
numeric__BUREAU_DEBT_SUM,-0.004834855027527754,0.9951768140703341,-0.004957557749159854,0.03313086309341612,-0.03511711305353838,0.05141903550742669,5,0.8,0.004957557749159854,BUREAU
numeric__BUREAU_PROLONG_COUNT,0.0039542558128438645,1.003962084197438,0.003971520691716283,0.002413838482010109,0.00047244538671390726,0.006734143944415601,5,1.0,0.003971520691716283,BUREAU
numeric__missingindicator_BUREAU_DEBT_TO_CREDIT,-0.0026091142056868404,0.9973942865744647,-0.0035873352359395093,0.0372802293667982,-0.06736269057294711,0.030734348138049726,5,0.8,0.0035873352359395093,Encoded
numeric__BUREAU_ACTIVE_SHARE,0.0039860778356232505,1.003994032810083,0.0031461208173803614,0.012059881455333502,-0.012393341302448577,0.02087348752317759,5,0.6,0.0031461208173803614,BUREAU
numeric__missingindicator_APP_CREDIT_TO_GOODS,-0.0019344256554685616,0.9980674441399853,-0.0020077489977549145,0.003970381672838564,-0.0063493755285752886,0.003104668232768395,5,0.6,0.0020077489977549145,Encoded
numeric__BUREAU_CREDIT_TYPE_COUNT,-0.000540136321298079,0.9994600095260644,-0.000570756157486762,0.0058792106986947975,-0.0074814763232119354,0.005510020103747427,5,0.6,0.000570756157486762,BUREAU
categorical__APP_FAMILY_STATUS___RARE__,-5.1150727584965e-05,0.9999488505805912,-6.419427343509059e-05,3.748067211337055e-06,-6.729916131799654e-05,-5.9138214753408906e-05,4,1.0,6.419427343509059e-05,APP
numeric__INST_SEVERELY_UNDERPAID_RATE,0.0,1.0,0.0,0.0,0.0,0.0,5,1.0,0.0,INST
numeric__INST_RECENT_UNDERPAID_COUNT,0.0,1.0,0.0,0.0,0.0,0.0,5,1.0,0.0,INST
numeric__INST_SEVERELY_UNDERPAID_COUNT,0.0,1.0,0.0,0.0,0.0,0.0,5,1.0,0.0,INST
