model,risk_decile,borrowers,bads,observed_bad_rate,mean_predicted_risk,min_predicted_risk,max_predicted_risk,population_share,bad_capture_share,cumulative_bad_capture,lift_vs_portfolio
Logistic,1,6151,1481,0.24077385790928305,0.23806668878501294,0.16414961520587565,0.8032397583154465,0.10001138155862316,0.29828801611278954,0.29828801611278954,2.9825407015094934
Logistic,2,6150,870,0.14146341463414633,0.13767762575199388,0.11705199976717558,0.16412079678864838,0.0999951221891615,0.17522658610271905,0.47351460221550856,1.7523513374106547
Logistic,3,6150,661,0.10747967479674797,0.10297209350715326,0.09085568754553063,0.11704784662982809,0.0999951221891615,0.13313192346424974,0.6066465256797583,1.3313841770441872
Logistic,4,6150,498,0.08097560975609756,0.08185273613700354,0.07364607090896404,0.09085278267579106,0.0999951221891615,0.10030211480362537,0.7069486404833837,1.0030700758971336
Logistic,5,6151,364,0.0591773695334092,0.06678384976825959,0.06033908405456014,0.07363947578641791,0.10001138155862316,0.07331319234642497,0.7802618328298087,0.7330484911204966
Logistic,6,6150,309,0.05024390243902439,0.054783607794736705,0.04939490153899616,0.06033880961125473,0.0999951221891615,0.062235649546827795,0.8424974823766365,0.6223868543217154
Logistic,7,6150,298,0.04845528455284553,0.04462680663950886,0.03998729481035516,0.04939405189486747,0.0999951221891615,0.06002014098690836,0.9025176233635448,0.6002306879866381
Logistic,8,6150,200,0.032520325203252036,0.035636493215298576,0.03141411010675973,0.039981786558742315,0.0999951221891615,0.04028197381671702,0.9427995971802619,0.40283938791049545
Logistic,9,6150,171,0.027804878048780488,0.02701426338766991,0.022376557078020817,0.03141381951796343,0.0999951221891615,0.03444108761329305,0.9772406847935549,0.34442767666347357
Logistic,10,6151,113,0.01837099658592099,0.016213302391460002,6.181264232297699e-05,0.022375136135669674,0.10001138155862316,0.022759315206445117,1.0,0.22756725136433
LightGBM,1,6151,1676,0.2724760201593237,0.26550828347239724,0.1729288438280136,0.7701663841865144,0.10001138155862316,0.33756294058408864,0.33756294058408864,3.375245250324045
LightGBM,2,6150,917,0.14910569105691057,0.14027825895378337,0.115897418086673,0.1729284607967719,0.0999951221891615,0.18469284994964752,0.5222557905337362,1.8470185935696215
LightGBM,3,6150,628,0.10211382113821138,0.0999890770983249,0.0866699450439394,0.11589734420282308,0.0999951221891615,0.12648539778449144,0.6487411883182276,1.2649156780389554
LightGBM,4,6150,467,0.07593495934959349,0.076715887149696,0.06807327620340385,0.08666964445276085,0.0999951221891615,0.09405840886203425,0.7427995971802618,0.9406299707710066
LightGBM,5,6151,353,0.05738904243212486,0.0609249498429253,0.054355994743256635,0.06807304389157,0.10001138155862316,0.07109768378650554,0.8138972809667673,0.7108959268283938
LightGBM,6,6150,311,0.05056910569105691,0.04872620031995676,0.043632059467409896,0.05435202493427716,0.0999951221891615,0.06263846928499496,0.8765357502517622,0.6264152482008203
LightGBM,7,6150,225,0.036585365853658534,0.03921848689719035,0.03501002777549267,0.04363203793376376,0.0999951221891615,0.045317220543806644,0.9218529707955688,0.45319431139930727
LightGBM,8,6150,177,0.02878048780487805,0.030985606165348137,0.02709883285743316,0.03500901445724867,0.0999951221891615,0.03564954682779456,0.9575025176233634,0.35651285830078844
LightGBM,9,6150,134,0.021788617886178863,0.023290029667034168,0.01934903048656638,0.027098522947457043,0.0999951221891615,0.026988922457200405,0.9844914400805638,0.2699023899000319
LightGBM,10,6151,77,0.012518289708990408,0.014347687331756747,0.0027863788087466716,0.019348193311832726,0.10001138155862316,0.015508559919436053,0.9999999999999998,0.15506795004472046
