feature,feature_type,source_feature,reference_category,coefficient,odds_ratio,abs_coefficient
AMT_GOODS_PRICE,numeric (standardized),AMT_GOODS_PRICE,,-1.1742720583584731,0.3090438637243254,1.1742720583584731
NAME_EDUCATION_TYPE_Academic degree,categorical,NAME_EDUCATION_TYPE,Secondary / secondary special,-1.1546988100239448,0.3151524433671296,1.1546988100239448
AMT_CREDIT,numeric (standardized),AMT_CREDIT,,0.9825473267376845,2.67125213456057,0.9825473267376845
OCCUPATION_TYPE_Accountants,categorical,OCCUPATION_TYPE,Laborers,-0.6140215566809755,0.5411701406573881,0.6140215566809755
OCCUPATION_TYPE_Private service staff,categorical,OCCUPATION_TYPE,Laborers,-0.51798327385685,0.5957207429274148,0.51798327385685
NAME_EDUCATION_TYPE_Higher education,categorical,NAME_EDUCATION_TYPE,Secondary / secondary special,-0.4285770783837782,0.6514353770330205,0.4285770783837782
OCCUPATION_TYPE_Low-skill Laborers,categorical,OCCUPATION_TYPE,Laborers,0.4215418727439847,1.5243100367228692,0.4215418727439847
OCCUPATION_TYPE_Core staff,categorical,OCCUPATION_TYPE,Laborers,-0.3850858350329707,0.6803922322083844,0.3850858350329707
OCCUPATION_TYPE_IT staff,categorical,OCCUPATION_TYPE,Laborers,-0.3845169415502215,0.6807794130368837,0.3845169415502215
OCCUPATION_TYPE_High skill tech staff,categorical,OCCUPATION_TYPE,Laborers,-0.3819683477211846,0.6825166560709924,0.3819683477211846
NAME_CONTRACT_TYPE_Revolving loans,categorical,NAME_CONTRACT_TYPE,Cash loans,-0.3697447027410124,0.6909106957304595,0.3697447027410124
OCCUPATION_TYPE_Secretaries,categorical,OCCUPATION_TYPE,Laborers,-0.34858777164656163,0.7056839732613174,0.34858777164656163
OCCUPATION_TYPE_Medicine staff,categorical,OCCUPATION_TYPE,Laborers,-0.31957991581026074,0.7264541448845568,0.31957991581026074
OCCUPATION_TYPE_Realty agents,categorical,OCCUPATION_TYPE,Laborers,-0.2844762978614523,0.7524081889357851,0.2844762978614523
OCCUPATION_TYPE_Unknown,categorical,OCCUPATION_TYPE,Laborers,-0.28024825209257853,0.7555961398475817,0.28024825209257853
AGE_YEARS,numeric (standardized),AGE_YEARS,,-0.26738546301685223,0.765377989688534,0.26738546301685223
NAME_EDUCATION_TYPE_Incomplete higher,categorical,NAME_EDUCATION_TYPE,Secondary / secondary special,-0.24974631459924876,0.7789983785226446,0.24974631459924876
FLAG_OWN_CAR_Y,categorical,FLAG_OWN_CAR,N,-0.21793532028322785,0.8041774539544279,0.21793532028322785
YEARS_EMPLOYED,numeric (standardized),YEARS_EMPLOYED,,-0.21617864069169943,0.8055913776175734,0.21617864069169943
OCCUPATION_TYPE_Managers,categorical,OCCUPATION_TYPE,Laborers,-0.2120698443279661,0.8089081979439621,0.2120698443279661
NAME_EDUCATION_TYPE_Lower secondary,categorical,NAME_EDUCATION_TYPE,Secondary / secondary special,0.21046110557851772,1.2342470469637443,0.21046110557851772
NAME_HOUSING_TYPE_Office apartment,categorical,NAME_HOUSING_TYPE,House / apartment,-0.207556093295019,0.8125676608971932,0.207556093295019
NAME_HOUSING_TYPE_Rented apartment,categorical,NAME_HOUSING_TYPE,House / apartment,0.20591919710212,1.2286539211868732,0.20591919710212
OCCUPATION_TYPE_Sales staff,categorical,OCCUPATION_TYPE,Laborers,-0.19425897971111983,0.8234446212016534,0.19425897971111983
OCCUPATION_TYPE_HR staff,categorical,OCCUPATION_TYPE,Laborers,-0.19263092313684804,0.8247863275212897,0.19263092313684804
NAME_FAMILY_STATUS_Civil marriage,categorical,NAME_FAMILY_STATUS,Married,0.15882654901678453,1.172134621145222,0.15882654901678453
OCCUPATION_TYPE_Drivers,categorical,OCCUPATION_TYPE,Laborers,0.14026661944375207,1.150580525105415,0.14026661944375207
NAME_FAMILY_STATUS_Single / not married,categorical,NAME_FAMILY_STATUS,Married,0.12567405973944148,1.1339125203024,0.12567405973944148
ANNUITY_INCOME_RATIO,numeric (standardized),ANNUITY_INCOME_RATIO,,0.12009563492927955,1.1276046848172692,0.12009563492927955
NAME_HOUSING_TYPE_Co-op apartment,categorical,NAME_HOUSING_TYPE,House / apartment,0.10057854353991935,1.1058104925638117,0.10057854353991935
NAME_FAMILY_STATUS_Separated,categorical,NAME_FAMILY_STATUS,Married,0.09934356500046736,1.1044456832653557,0.09934356500046736
NAME_HOUSING_TYPE_With parents,categorical,NAME_HOUSING_TYPE,House / apartment,0.09169920530588259,1.096035090952691,0.09169920530588259
OCCUPATION_TYPE_Cleaning staff,categorical,OCCUPATION_TYPE,Laborers,-0.08473730523058114,0.9187536044695886,0.08473730523058114
NAME_FAMILY_STATUS_Unknown,categorical,NAME_FAMILY_STATUS,Married,-0.08153248919077428,0.921702763990495,0.08153248919077428
OCCUPATION_TYPE_Cooking staff,categorical,OCCUPATION_TYPE,Laborers,-0.0810413440231594,0.9221555650354265,0.0810413440231594
OCCUPATION_TYPE_Waiters/barmen staff,categorical,OCCUPATION_TYPE,Laborers,-0.07880218269632255,0.9242227336122429,0.07880218269632255
AMT_INCOME_TOTAL,numeric (standardized),AMT_INCOME_TOTAL,,0.07578026992111457,1.0787255196707042,0.07578026992111457
OCCUPATION_TYPE_Security staff,categorical,OCCUPATION_TYPE,Laborers,0.07160581928421067,1.0742318191292286,0.07160581928421067
FLAG_OWN_REALTY_Y,categorical,FLAG_OWN_REALTY,N,0.04043641774678032,1.0412651016163503,0.04043641774678032
AMT_ANNUITY,numeric (standardized),AMT_ANNUITY,,0.02759270524461337,1.0279769095408935,0.02759270524461337
NAME_HOUSING_TYPE_Municipal apartment,categorical,NAME_HOUSING_TYPE,House / apartment,0.026838122965887383,1.0272015089705713,0.026838122965887383
CREDIT_INCOME_RATIO,numeric (standardized),CREDIT_INCOME_RATIO,,0.0042200853175073825,1.0042290024167784,0.0042200853175073825
NAME_FAMILY_STATUS_Widow,categorical,NAME_FAMILY_STATUS,Married,-0.002471882476001259,0.9975311701097572,0.002471882476001259
